main_category,subcategory,leaf_category,url,scrape_status,last_scraped,items_found,pages_scraped,errors,notes
Electronics,Mobiles,Smartphones,,,,,,,
Electronics,Mobiles,Mi,"https://www.flipkart.com/mobiles/mi~brand/pr?sid=tyy,4io",verified,,,,,Matched 'Mi' score=0.85
Electronics,Mobiles,Realme,https://www.flipkart.com/mobiles/pr?sid=tyy%2C4io&p%5B%5D=facets.brand%255B%255D%3DRealme,verified,,,,,auto-matched 'Realme' score=0.75
Electronics,Mobiles,Samsung,https://www.flipkart.com/televisions/samsung~brand/pr?sid=ckf%2Cczl,verified,2026-06-07T17:58:14,,,HTTP 200 but no product cards found,URL found by discover_categories on 2026-06-07
Electronics,Mobiles,Infinix,https://www.flipkart.com/mobiles/pr?sid=tyy%2C4io&p%5B%5D=facets.brand%255B%255D%3DInfinix,verified,,,,,auto-matched 'Infinix' score=0.75
Electronics,Mobiles,OPPO,https://www.flipkart.com/oppo-mobile-phones-store,failed,2026-06-10T15:44:17,,,HTTP 200 but no product cards found,auto-matched 'OPPO' score=1.00
Electronics,Mobiles,Apple,https://www.flipkart.com/search?q=apple+mobiles&sid=tyy%2C4io&as,verified,,,,,
Electronics,Mobiles,Vivo,https://www.flipkart.com/mobiles/pr?sid=tyy%2C4io&p%5B%5D=facets.serviceability%5B%5D%3Dfalse&p%5B%5D=facets.brand%255B%255D%3DVivo,verified,,,,,auto-matched 'Vivo' score=0.75
Electronics,Mobiles,Honor,https://www.flipkart.com/search?p%5B%5D=facets.brand%255B%255D%3DHonor&sid=tyy%2F4io,verified,,,,,auto-matched 'Honor' score=0.75
Electronics,Mobiles,Asus,https://www.flipkart.com/mobiles/pr?sid=tyy%2C4io&p%5B%5D=facets.brand%255B%255D%3DAsus,verified,,,,,auto-matched 'Asus' score=0.75
Electronics,Mobiles,Poco,,,,,,,
Electronics,Mobiles,realme ,https://www.flipkart.com/mobiles/pr?sid=tyy%2C4io&p%5B%5D=facets.brand%255B%255D%3DRealme,url_found,,,,,auto-matched 'Realme' score=0.75
Electronics,Mobiles,Infinix ,https://www.flipkart.com/mobiles/pr?sid=tyy%2C4io&p%5B%5D=facets.brand%255B%255D%3DInfinix,url_found,,,,,auto-matched 'Infinix' score=0.75
Electronics,Mobiles,IQOO 3,https://www.flipkart.com/search?q=iqoo,verified,,,,,auto-matched 'IQOO 3' score=0.75
Electronics,Mobiles, iPhone ,,,,,,,
Electronics,Mobiles,Motorola ,https://www.flipkart.com/televisions/pr?sid=ckf%2Cczl&p%5B%5D=facets.availability%255B%255D%3DExclude%2BOut%2Bof%2BStock&p%5B%5D=facets.brand%255B%255D%3DMotorola,verified,,,,,auto-matched 'Motorola' score=0.75
Electronics,Mobiles,Feature Phones,https://www.flipkart.com/mobiles/feature-phones~type/pr?sid=tyy%2C4io,verified,2026-06-07T17:58:12,,,HTTP 200 but no product cards found,URL found by discover_categories on 2026-06-07
Electronics,Mobiles,Motorola ,https://www.flipkart.com/televisions/pr?sid=ckf%2Cczl&p%5B%5D=facets.availability%255B%255D%3DExclude%2BOut%2Bof%2BStock&p%5B%5D=facets.brand%255B%255D%3DMotorola,url_found,,,,,auto-matched 'Motorola' score=0.75
Electronics,Mobile Accessories,Mobile Cases,https://www.flipkart.com/mobile-accessories/cases-and-covers/pr?sid=tyy,4mr,,,,,
Electronics,Mobile Accessories,Headphones & Headsets,https://www.flipkart.com/headphones-store,failed,2026-06-10T15:43:57,,,HTTP 200 but no product cards found,auto-matched 'Headphones & Headsets' score=0.87
Electronics,Mobile Accessories,Power Banks,https://www.flipkart.com/mobile-accessories/power-banks/urbn~brand/pr?sid=tyy%2C4mr%2Cfu6,verified,,,,,URL found by discover_categories on 2026-06-07
Electronics,Mobile Accessories,Screenguards,https://www.flipkart.com/mobile-accessories/screen-guards/pr?sid=tyy%2C4mr%2Clrv,verified,,,,,auto-matched 'Screenguards' score=0.75
Electronics,Mobile Accessories,Memory Cards,"https://www.flipkart.com/mobile-accessories/memory-cards-readers/memory-cards/pr?sid=tyy,4mr,zzf,7y7",url_found,,,,,Matched 'Memory Cards' score=0.85
Electronics,Mobile Accessories,Smart Headphones,"https://www.flipkart.com/wearable-smart-devices/smart-headphones/pr?sid=ajy,vam",verified,,,,,Matched 'Smart Headphones' score=0.85
Electronics,Mobile Accessories,Mobile Cables,https://www.flipkart.com/mobile-accessories/cables/pr?sid=tyy%2C4mr%2C3nu,verified,,,,,auto-matched 'Mobile Cables' score=0.99
Electronics,Mobile Accessories,Mobile Chargers,https://www.flipkart.com/mobile-accessories/chargers/pr?sid=tyy%2C4mr%2Ctp2,url_found,,,,,auto-matched 'Mobile Chargers' score=0.99
Electronics,Mobile Accessories,Mobile Holders,"https://www.flipkart.com/mobile-accessories/mobile-holders/pr?sid=tyy,4mr,vnf",verified,,,,,Matched 'Mobile Holders' score=0.85
Electronics,Smart Wearable Tech,Smart Watches,https://www.flipkart.com/wearable-smart-devices/smart-watches/pr?sid=ajy%2Cbuh,verified,,,,,URL found by discover_categories on 2026-06-07
Electronics,Smart Wearable Tech,Smart Glasses (VR),https://www.flipkart.com/wearable-smart-devices/smart-glasses/pr?sid=ajy%2Ctcy,verified,,,,,auto-matched 'Smart Glasses (VR)' score=0.99
Electronics,Smart Wearable Tech,Smart Bands,"https://www.flipkart.com/wearable-smart-devices/smart-bands/pr?sid=ajy,q7p",verified,,,,,Matched 'Smart Bands' score=0.85
Electronics,Healthcare Appliances,Bp Moniters,,,,,,,
Electronics,Laptops,Gaming Laptops,https://www.flipkart.com/search?q=apple+mobiles&sid=tyy%2C4io&as=on&as-show=on&otracker=AS_QueryStore_OrganicAutoSuggest_1_7_na_na_na&otracker1=AS_QueryStore_OrganicAutoSuggest_1_7_na_na_na&as-pos=1&as-type=RECENT&suggestionId=apple+mobiles%7CMobiles&requestId=74513d15-9fcc-41ea-a7e0-16499e689ee3&as-backfill=on&otracker=nmenu_sub_Electronics_0_Apple,verified,,,,,
Electronics,,Desktop PCs,https://www.flipkart.com/desktop-pc-store,failed,2026-06-10T15:43:11,,,HTTP 200 but no product cards found,auto-matched 'Desktop PCs' score=0.99
Electronics,,Gaming & Accessories,"https://www.flipkart.com/gaming/gaming-accessories/pr?sid=4rr,km5",verified,,,,,Matched 'Gaming Accessories' score=0.82
Electronics,Computer Accessories,ExternalHard Disks,,,,,,,
Electronics,Computer Accessories,Pendrives,https://www.flipkart.com/computers/storage/pen-drives/pr?sid=6bo%2Cjdy%2Cuar,verified,,,,,auto-matched 'Pendrives' score=0.75
Electronics,Computer Accessories,Laptop Skins & Decals,"https://www.flipkart.com/laptop-accessories/laptop-skins-decals/pr?sid=6bo,ai3,zvm",verified,,,,,Matched 'Laptop Skins & Decals' score=0.85
Electronics,Computer Accessories,Laptop Bags,"https://www.flipkart.com/laptop-accessories/laptop-bags/pr?sid=6bo,ai3,qq9",url_found,,,,,Matched 'Laptop Bags' score=0.85
Electronics,Computer Accessories,Mouse,"https://www.flipkart.com/laptop-accessories/mouse/pr?sid=6bo,ai3,2ay",verified,,,,,Matched 'Mouse' score=0.85
Electronics,Computer Peripherals,Printers & Ink Cartridges,https://www.flipkart.com/printer-inks-store,failed,2026-06-10T15:43:05,,,HTTP 200 but no product cards found,auto-matched 'Printers & Ink Cartridges' score=0.75
Electronics,Computer Peripherals,Monitors,"https://www.flipkart.com/computers/monitors/pr?sid=6bo,hnn",verified,,,,,Matched 'Bp Monitors' score=0.76
Electronics,Tablets,Apple iPads,"https://www.flipkart.com/tablets/~apple-ipads/pr?sid=tyy,hry",verified,,,,,Matched 'Apple iPads' score=0.85
Electronics,Speakers,Home Audio Speakers,https://www.flipkart.com/audio-video/speakers/pr?count=40&p%5B%5D=facets.type%255B%255D%3DHome%2BAudio%2BSpeaker&p%5B%5D=facets.type%255B%255D%3DLaptop%252FDesktop%2BSpeaker&p%5B%5D=facets.type%255B%255D%3DSoundbar&sid=0pm%2F0o7,verified,,,,,auto-matched 'Home Audio Speakers' score=0.91
Electronics,Speakers,Home Theatres,https://www.flipkart.com/audio-video/speakers/pr?sid=0pm%2C0o7&p%5B%5D=facets.type%255B%255D%3DHome%2BTheatre&p%5B%5D=facets.type%255B%255D%3DTower%2BSpeaker&p%5B%5D=facets.type%255B%255D%3DSoundbar&p%5B%5D=facets.availability%255B%255D%3DExclude%2BOut%2Bof%2BStock,verified,,,,,auto-matched 'Home Theatres' score=0.75
Electronics,Speakers,Soundbars,https://www.flipkart.com/audio-video/speakers/pr?sid=0pm%2C0o7&p%5B%5D=facets.type%255B%255D%3DSoundbar&p%5B%5D=facets.serviceability%5B%5D%3Dtrue&p%5B%5D=facets.fulfilled_by%255B%255D%3DFlipkart%2BAssured,verified,,,,,auto-matched 'Soundbars' score=0.75
Electronics,Speakers,Bluetooth Speakers,https://www.flipkart.com/audio-video/speakers/pr?sid=0pm%2C0o7&p%5B%5D=facets.features%255B%255D%3DBluetooth,verified,,,,,auto-matched 'Bluetooth Speakers' score=0.87
Electronics,Speakers,DTH Set Top Box,https://www.flipkart.com/home-entertainment/dth/pr?count=40&p%5B%5D=facets.availability%255B%255D%3DExclude%2BOut%2Bof%2BStock&sid=ckf%2F9wn,verified,,,,,auto-matched 'DTH Set Top Box' score=0.75
Electronics,Smart Home Automation,Google Nest,https://www.flipkart.com/google-nest-mini-store,failed,2026-06-10T15:42:49,,,HTTP 200 but no product cards found,auto-matched 'Google Nest' score=1.00
Electronics,Camera,DSLR & Mirrorless,https://www.flipkart.com/cameras/dslr~type/pr?sid=jek%2Cp31,verified,,,,,auto-matched 'DSLR & Mirrorless' score=0.87
Electronics,Camera,Compact & Bridge Cameras,https://www.flipkart.com/cameras/point-shoot~type/pr?sid=jek%2Cp31,verified,,,,,auto-matched 'Compact & Bridge Cameras' score=0.83
Electronics,Camera,Sports & Action,https://www.flipkart.com/cameras/sports-action/pr?sid=jek/p31/s3q,verified,,,,,Matched 'Sports & Action' score=0.85
TVs & Appliances,Smart & UltraHD,Mi,"https://www.flipkart.com/mobiles/mi~brand/pr?sid=tyy,4io",url_found,,,,,Matched 'Mi' score=0.85
TVs & Appliances,Smart & UltraHD,Vu,https://www.flipkart.com/televisions/pr?sid=ckf%2Cczl&p%5B%5D=facets.availability%255B%255D%3DExclude%2BOut%2Bof%2BStock&p%5B%5D=facets.serviceability%5B%5D%3Dtrue&p%5B%5D=facets.brand%255B%255D%3DVu,verified,,,,,auto-matched 'Vu' score=0.75
TVs & Appliances,Smart & UltraHD,Thomson,https://www.flipkart.com/televisions/pr?sid=ckf%2Cczl&p%5B%5D=facets.availability%255B%255D%3DExclude%2BOut%2Bof%2BStock&p%5B%5D=facets.serviceability%5B%5D%3Dtrue&p%5B%5D=facets.brand%255B%255D%3DThomson,verified,,,,,auto-matched 'Thomson' score=0.75
TVs & Appliances,Smart & UltraHD,Samsung,https://www.flipkart.com/televisions/samsung~brand/pr?sid=ckf%2Cczl,url_found,,,,,URL found by discover_categories on 2026-06-07
TVs & Appliances,Smart & UltraHD,iFFAKCON by TCL,,,,,,,
TVs & Appliances,Smart & UltraHD,LG,https://www.flipkart.com/televisions/pr?sid=ckf%2Cczl&p%5B%5D=facets.availability%255B%255D%3DExclude%2BOut%2Bof%2BStock&p%5B%5D=facets.serviceability%5B%5D%3Dtrue&p%5B%5D=facets.brand%255B%255D%3DLG,verified,,,,,auto-matched 'LG' score=0.75
TVs & Appliances,Smart & UltraHD,realme,https://www.flipkart.com/mobiles/pr?sid=tyy%2C4io&p%5B%5D=facets.brand%255B%255D%3DRealme,url_found,,,,,auto-matched 'Realme' score=0.75
TVs & Appliances,Smart & UltraHD,Motorola,https://www.flipkart.com/televisions/pr?sid=ckf%2Cczl&p%5B%5D=facets.availability%255B%255D%3DExclude%2BOut%2Bof%2BStock&p%5B%5D=facets.brand%255B%255D%3DMotorola,url_found,,,,,auto-matched 'Motorola' score=0.75
TVs & Appliances,Washing Machine,Fully Automatic Front Load,https://www.flipkart.com/home-kitchen/home-appliances/washing-machines/fully-automatic-front-load~function/pr?sid=j9e%2Cabm%2C8qx&o,,,,,,
TVs & Appliances,Washing Machine,Semi Automatic Top Load,"https://www.flipkart.com/home-kitchen/home-appliances/washing-machines/semi-automatic-top-load~function/pr?sid=j9e,abm,8qx",url_found,,,,,Matched 'Semi Automatic Top Load' score=0.88
TVs & Appliances,Washing Machine,Fully Automatic Top Load,"https://www.flipkart.com/home-kitchen/home-appliances/washing-machines/fully-automatic-top-load~function/pr?sid=j9e,abm,8qx",verified,,,,,Matched 'Fully Automatic Top Load' score=0.88
TVs & Appliances,Air Conditioners,Inver Ac,,,,,,,
TVs & Appliances,Air Conditioners,Split Acs,https://www.flipkart.com/home-kitchen/home-appliances/air-conditioners/split~type/pr?sid=j9e%2Cabm%2Cc54,verified,,,,,auto-matched 'Split ACs' score=1.00
TVs & Appliances,Air Conditioners,Windows Acs,,,,,,,
TVs & Appliances,Refrigerators,Single Door,"https://www.flipkart.com/home-kitchen/home-appliances/refrigerators/single-door~type/pr?sid=j9e,abm,hzg",verified,,,,,Matched 'Single Door' score=0.88
TVs & Appliances,Refrigerators,Double Door,"https://www.flipkart.com/home-kitchen/home-appliances/refrigerators/double-door~type/pr?sid=j9e,abm,hzg",verified,,,,,Matched 'Double Door' score=0.88
TVs & Appliances,Refrigerators,Triple door,"https://www.flipkart.com/home-kitchen/home-appliances/refrigerators/triple-door~type/pr?sid=j9e,abm,hzg",verified,,,,,Matched 'Triple door' score=0.88
TVs & Appliances,Refrigerators,Side by Side,https://www.flipkart.com/home-kitchen/home-appliances/refrigerators/pr?p%5B%5D=facets.type%255B%255D%3DSide%2Bby%2BSide&sid=j9e%2Fabm%2Fhzg,url_found,,,,,auto-matched 'Side by Side' score=0.77
TVs & Appliances,Refrigerators,Convertible,https://www.flipkart.com/search?p%5B%5D%5B%5D=facets.features%255B%255D%3DConvertible&sid=j9e%2Fabm%2Fhzg&p%5B%5D=facets.features%255B%255D%3DConvertible,verified,,,,,auto-matched 'Convertible' score=0.75
TVs & Appliances,Kitchen Appliances,Microwave Ovens,https://www.flipkart.com/microwave-ovens/pr,failed,2026-06-10T15:42:07,,,Ignoring non-200 response,URL found by discover_categories on 2026-06-07
TVs & Appliances,Kitchen Appliances,Oven Toaster Grills (OTG),https://www.flipkart.com/oven-toaster-grills/pr?sid=j9e%2Cm38%2Cvr5,verified,,,,,auto-matched 'Oven Toaster Grills (OTG)' score=0.99
TVs & Appliances,Kitchen Appliances,Juicer/Mixer/Grinder,https://www.flipkart.com/mixerjuicergrinders/pr?sid=j9e%2Cm38%2C7ek,verified,,,,,auto-matched 'Juicer/Mixer/Grinder' score=0.99
TVs & Appliances,Kitchen Appliances,Electric Kettle,https://www.flipkart.com/electric-jugheatertravel-kettles/pr?sid=j9e%2Cm38%2Cxrv,verified,,,,,auto-matched 'Electric Kettle' score=0.99
TVs & Appliances,Kitchen Appliances,Induction Cooktops,"https://www.flipkart.com/induction-cooktops/pr?sid=j9e,m38,575",verified,,,,,Matched 'Induction Cooktops' score=0.85
TVs & Appliances,Kitchen Appliances,Chimneys,https://www.flipkart.com/chimneys-store,failed,2026-06-10T15:41:57,,,HTTP 200 but no product cards found,auto-matched 'Chimneys' score=1.00
TVs & Appliances,Kitchen Appliances,Hand Blenders,"https://www.flipkart.com/hand-blenders/pr?sid=j9e,m38,u7m",verified,,,,,Matched 'Hand Blenders' score=0.85
TVs & Appliances,Kitchen Appliances,Sandwich Makers,"https://www.flipkart.com/sandwich-makers/pr?sid=j9e,m38,1vj",verified,,,,,Matched 'Sandwich Makers' score=0.85
TVs & Appliances,Kitchen Appliances,Pop Up Toasters,https://www.flipkart.com/home-kitchen/kitchen-appliances/popup-toasters/pr?sid=j9e%2Cm38%2Ctxh,verified,,,,,auto-matched 'Pop Up Toasters' score=1.00
TVs & Appliances,Kitchen Appliances,Electric Cookers,https://www.flipkart.com/electric-cookers/pr?sid=j9e%2Cm38%2C9m9,verified,,,,,URL found by discover_categories on 2026-06-07
TVs & Appliances,Kitchen Appliances,Wet Grinders,"https://www.flipkart.com/home-kitchen/kitchen-appliances/wet-grinders/pr?sid=j9e,m38,htd",verified,,,,,Matched 'Wet Grinders' score=0.88
TVs & Appliances,Kitchen Appliances,Food Processors,"https://www.flipkart.com/food-processors/pr?sid=j9e,m38,rj3",verified,,,,,Matched 'Food Processors' score=0.85
TVs & Appliances,Kitchen Appliances,Coffee Makers,https://www.flipkart.com/coffee-makers/pr?sid=j9e%2Cm38%2Cwqo,verified,,,,,URL found by discover_categories on 2026-06-07
TVs & Appliances,Kitchen Appliances,Dishwashers,https://www.flipkart.com/dishwasher-store,failed,2026-06-10T15:41:54,,,HTTP 200 but no product cards found,auto-matched 'Dishwashers' score=0.75
TVs & Appliances,Small Home Appliances,Irons,https://www.flipkart.com/iron/pr?sid=j9e%2Cabm%2Ca0u,verified,,,,,auto-matched 'Irons' score=0.75
TVs & Appliances,Small Home Appliances,Water Purifiers,https://www.flipkart.com/water-purifiers/pr?sid=j9e%2Cabm%2Ci45,verified,2026-06-07T17:58:02,,,HTTP 200 but no product cards found,URL found by discover_categories on 2026-06-07
TVs & Appliances,Small Home Appliances,Fans,"https://www.flipkart.com/home-kitchen/home-appliances/fans/pr?sid=j9e,abm,lbz",verified,,,,,Matched 'Fans' score=0.88
TVs & Appliances,Small Home Appliances,Air Coolers,https://www.flipkart.com/air-coolers/pr?sid=j9e%2Cabm%2C52j,verified,,,,,URL found by discover_categories on 2026-06-07
TVs & Appliances,Small Home Appliances,Inverters,"https://www.fliplart.com/home-kitchen/home-appliances/inverters/pr?sid=j9e,abm,7no",failed,2026-06-10T15:32:46,,,HTTP 200 but no product cards found,Matched 'Inverters' score=0.88
TVs & Appliances,Small Home Appliances,Vacuum Cleaners,"https://www.flipkart.com/vacuum-cleaners/pr?sid=j9e,abm,ul2",verified,,,,,Matched 'Vacuum Cleaners' score=0.85
TVs & Appliances,Small Home Appliances,Sewing Machine,"https://www.flipkart.com/home-kitchen/home-appliances/sewing-machines/pr?sid=j9e,abm,0zg",url_found,,,,,Matched 'Sewing Machines' score=0.86
TVs & Appliances,Small Home Appliances,Voltage Stabilizers,"https://www.flipkart.com/home-kitchen/home-appliances/voltage-stabilizers/pr?sid=j9e,abm,xf4",verified,,,,,Matched 'Voltage Stabilizers' score=0.88
TVs & Appliances,Small Home Appliances,Water Geysers,https://www.flipkart.com/water-geysers/pr,verified,2026-06-07T17:57:59,,,HTTP 200 but no product cards found,URL found by discover_categories on 2026-06-07
TVs & Appliances,Small Home Appliances,Immersion Rods,"https://www.flipkart.com/home-kitchen/home-appliances/immersion-rods/pr?sid=j9e,abm,rqo",url_found,,,,,Matched 'Immersion Rods' score=0.88
Men,Footwear,Sports Shoes,https://www.flipkart.com/mens-footwear/sports-shoes/pr?sid=osp%2Ccil%2C1cu,verified,,,,,URL found by discover_categories on 2026-06-07
Men,Footwear,Casual Shoes,https://www.flipkart.com/mens-footwear/casual-shoes/pr?sid=osp%2Ccil%2Ce1f,verified,,,,,URL found by discover_categories on 2026-06-07
Men,Footwear,Formal Shoes,https://www.flipkart.com/mens-footwear/formal-shoes/pr?sid=osp%2Ccil%2Cssb,verified,,,,,URL found by discover_categories on 2026-06-07
Men,Footwear,Sandals & Floaters,"https://www.flipkart.com/mens-footwear/sandals-floaters/pr?sid=osp,cil,e83",verified,,,,,Matched 'Sandals & Floaters' score=0.85
Men,Footwear,Flip- Flops,"https://www.flipkart.com/mens-footwear/slippers-flip-flops/pr?sid=osp,cil,e1r",verified,,,,,Matched 'Flip- Flops' score=0.85
Men,Footwear,Loafers,"https://www.flipkart.com/mens-footwear/casual-shoes/loafers~type/pr?sid=osp,cil,e1f",url_found,,,,,Matched 'Loafers' score=0.85
Men,Footwear,Boots,"https://www.flipkart.com/mens-footwear/casual-shoes/boots~type/pr?sid=osp,cil,e1f",url_found,,,,,Matched 'Boots' score=0.85
Men,Footwear,Running Shoes,https://www.flipkart.com/mens-footwear/sports-shoes/running-shoes~type/pr?sid=osp,cil,1cu,url_found,2026-06-08T17:37:09,HTTP 200 but no product cards found,URL found by discover_categories on 2026-06-07
Men,Footwear,Sneakers,"https://www.flipkart.com/mens-footwear/casual-shoes/sneakers~type/pr?sid=osp,cil,e1f",url_found,,,,,Matched 'Sneakers' score=0.85
Men,Men's Grooming,Deodorants,https://www.flipkart.com/beauty-and-grooming/fragrances/deodorants/pr?sid=g9b%2C0yh%2Cvp1&p%5B%5D=facets.ideal_for%255B%255D%3DMen%2B%2526%2BWomen&p%5B%5D=facets.ideal_for%255B%255D%3DMen&p%5B%5D=facets.serviceability%5B%5D%3Dtrue,verified,,,,,auto-matched 'Deodorants' score=1.00
Men,Men's Grooming,Perfumes,https://www.flipkart.com/beauty-and-grooming/fragrances/perfume/pr?sid=g9b%2C0yh%2Cjhz&p%5B%5D=facets.ideal_for%255B%255D%3DMen%2B%2526%2BWomen&p%5B%5D=facets.ideal_for%255B%255D%3DMen&p%5B%5D=facets.serviceability%5B%5D%3Dtrue,verified,,,,,auto-matched 'Perfumes' score=0.75
Men,Men's Grooming,Beard Care & Grooming,https://www.flipkart.com/beauty-and-grooming/pr?sid=g9b&p%5B%5D=facets.brand%255B%255D%3DBeardo&p%5B%5D=facets.brand%255B%255D%3DUstraa&p%5B%5D=facets.brand%255B%255D%3DThe%2BMan%2BCompany&p%5B%5D=facets.brand%255B%255D%3DSpruce%2BShave%2BClub&p%5B%5D=facets.brand%255B%255D%3DMan%2BArden&p%5B%5D=facets.brand%255B%255D%3DMeralite&p%5B%5D=facets.brand%255B%255D%3DBrylcreem&p%5B%5D=facets.brand%255B%255D%3DUrbanMooch&p%5B%5D=facets.brand%255B%255D%3DVihado&p%5B%5D=facets.serviceability%5B%5D%3Dtrue,verified,,,,,auto-matched 'Beard Care & Grooming' score=0.83
Men,Men's Grooming,Shaving & Aftershave,https://www.flipkart.com/beauty-and-grooming/~shaving-aftershave/pr?sid=g9b,verified,,,,,Matched 'Shaving & Aftershave' score=0.85
Men,Men's Grooming,Sexual Wellness,https://www.flipkart.com/beauty-and-grooming/sexual-wellness/pr?sid=g9b%2Calu&p%5B%5D=facets.serviceability%5B%5D%3Dtrue,url_found,,,,,auto-matched 'Sexual Wellness' score=1.00
Men,Top wear,T-Shirts,https://www.flipkart.com/clothing-and-accessories/topwear/tshirt/pr?sid=clo%2Cash%2Cank&p%5B%5D=facets.ideal_for%255B%255D%3DBoys&p%5B%5D=facets.ideal_for%255B%255D%3DBoys%2B%2526%2BGirls&p%5B%5D=facets.ideal_for%255B%255D%3DBaby%2BBoys%2B%2526%2BBaby%2BGirls&p%5B%5D=facets.ideal_for%255B%255D%3DBaby%2BBoys,verified,,,,,auto-matched 'T-Shirts' score=0.75
Men,Top wear,Formal Shirts,https://www.flipkart.com/mens-formal-shirts/pr?sid=clo%2Cash%2Caxc%2Cmmk%2Cbk1,verified,,,,,URL found by discover_categories on 2026-06-07
Men,Top wear,Casual Shirts,https://www.flipkart.com/mens-casual-shirts/pr?sid=clo%2Cash%2Caxc%2Cmmk%2Ckp7,verified,,,,,URL found by discover_categories on 2026-06-07
Men,Bottom wear,Jeans,"https://www.flipkart.com/clothing-and-accessories/bottomwear/jeans/men-jeans/pr?sid=clo,vua,k58,i51",verified,,,,,Matched 'Jeans' score=0.85
Men,Bottom wear,Casual Trousers,https://www.flipkart.com/mens-clothing/trousers/pr?sid=2oq%2Cs9b%2C9uj,verified,,,,,auto-matched 'Casual Trousers' score=0.87
Men,Bottom wear,Formal Trousers,https://www.flipkart.com/clothing-and-accessories/bottomwear/trouser/men-trouser/pr?sid=clo%2Cvua%2Cmle%2Clhk&p%5B%5D=facets.occasion%255B%255D%3DFormal,verified,,,,,auto-matched 'Formal Trousers' score=0.75
Men,Bottom wear,Track pants,https://www.flipkart.com/mens-track-pants/pr?sid=clo%2Cvua%2Cjlk%2C6ql,verified,,,,,URL found by discover_categories on 2026-06-07
Men,Bottom wear,Shorts,"https://www.flipkart.com/clothing-and-accessories/bottomwear/shorts/men-shorts/pr?sid=clo,vua,e8g,kc7",verified,,,,,Matched 'Shorts' score=0.85
Men,Bottom wear,Cargos,https://www.flipkart.com/clothing-and-accessories/bottomwear/cargo/men-cargo/pr?sid=clo%2Cvua%2Crqy%2Cnli,verified,,,,,auto-matched 'Cargos' score=0.75
Men,Bottom wear,Three Fourths,https://www.flipkart.com/clothing-and-accessories/bottomwear/threefourths/men-threefourths/pr?sid=clo%2Cvua%2Ceum%2C4qq,url_found,,,,,auto-matched 'Three Fourths' score=0.99
Men,"Suits, Blazers & Waistcoats","Suits, Blazers & Waistcoats",https://www.flipkart.com/clothing-and-accessories/blazers-suits-waistcoat-coat/pr?sid=clo%2Cupk&p%5B%5D=facets.ideal_for%255B%255D%3DMen,verified,,,,,"auto-matched 'Suits, Blazers & Waistcoats' score=0.91"
Men,,"Ties, Socks, Caps & More",https://www.flipkart.com/clothing-and-accessories/clothing-accessories/pr?sid=clo%2Cqd8&p%5B%5D=facets.ideal_for%255B%255D%3DMen&p%5B%5D=facets.ideal_for%255B%255D%3Dmen&p%5B%5D=facets.ideal_for%255B%255D%3Dmen,verified,,,,,"auto-matched 'Ties, Socks, Caps & More' score=0.75"
Men,,Fabrics,https://www.flipkart.com/clothing-and-accessories/fabric/pr?sid=clo%2Cqfi&p%5B%5D=facets.ideal_for%255B%255D%3DMen&p%5B%5D=facets.ideal_for%255B%255D%3Dmen&p%5B%5D=facets.ideal_for%255B%255D%3Dmen,url_found,,,,,auto-matched 'Fabrics' score=0.75
Men,Winter Wear,Sweatshirts,https://www.flipkart.com/mens-sweatshirts/pr?sid=clo%2Cqvw%2C64a%2Cvui,verified,,,,,URL found by discover_categories on 2026-06-07
Men,Winter Wear,Jackets,"https://www.flipkart.com/clothing-and-accessories/winter-wear/jackets/men-jackets/pr?sid=clo,qvw,z0g,jbm",verified,,,,,Matched 'Jackets' score=0.85
Men,Winter Wear,Sweater,"https://www.flipkart.com/clothing-and-accessories/winter-wear/sweater/men-sweater/pr?sid=clo,qvw,vkb,ieq",url_found,,,,,Matched 'Sweater' score=0.85
Men,Winter Wear,Tracksuits,https://www.flipkart.com/clothing-and-accessories/tracksuit/men-tracksuit/pr?sid=clo%2Cnyk%2Czp4,verified,,,,,auto-matched 'Tracksuits' score=0.75
Men,Ethnic wear,Kurta,"https://www.flipkart.com/clothing-and-accessories/ethnic-wear/kurtas/men-kurtas/pr?sid=clo,cfv,cib,jks",url_found,,,,,Matched 'Kurta' score=0.85
Men,Ethnic wear,Ethnic Sets,https://www.flipkart.com/womens-ethnic-sets/pr?sid=clo%2Ccfv%2Citg%2Ctys,verified,,,,,URL found by discover_categories on 2026-06-07
Men,Ethnic wear,Sherwanis,https://www.flipkart.com/clothing-and-accessories/ethnic-wear/sherwani/men-sherwani/pr?sid=clo%2Ccfv%2Cdra%2Cbrt,url_found,,,,,auto-matched 'Sherwanis' score=0.75
Men,Ethnic wear,Ethnic Pyjama,"https://www.flipkart.com/clothing-and-accessories/ethnic-wear/ethnic-pyjama/men-ethnic-pyjama/pr?sid=clo,cfv,e1p,5l2",verified,,,,,Matched 'Ethnic Pyjama' score=0.85
Men,Ethnic wear,Dhoti,"https://www.flipkart.com/clothing-and-accessories/ethnic-wear/dhoti/pr?sid=clo,cfv,nnk",url_found,,,,,Matched 'Dhoti' score=0.85
Men,Ethnic wear,Lungi,"https://www.flipkart.com/clothing-and-accessories/bottomwear/lungi/men-lungi/pr?sid=clo,vua,5jo,cqs",url_found,,,,,Matched 'Lungi' score=0.85
Men,Innerwear & Loungewear,Briefs & Trunks,https://www.flipkart.com/clothing-and-accessories/innerwear/brief-and-trunk/men-brief-and-trunk/pr?sid=clo%2Cqfl%2Cszr%2C3xl,verified,,,,,auto-matched 'Briefs & Trunks' score=0.75
Men,Innerwear & Loungewear,Vests,"https://www.flipkart.com/clothing-and-accessories/innerwear/vests/men-vests/pr?sid=clo,qfl,wp7,zpk",url_found,,,,,Matched 'Vests' score=0.85
Men,Innerwear & Loungewear,Boxers,"https://www.flipkart.com/clothing-and-accessories/innerwear/boxers/men-boxers/pr?sid=clo,qfl,1pt,jlb",url_found,,,,,Matched 'Boxers' score=0.85
Men,Innerwear & Loungewear,Pyjamas and Lounge Pants,"https://www.flipkart.com/clothing-and-accessories/sleepwear/pyjamas-and-lounge-pants/men-pyjamas-and-lounge-pants/pr?sid=clo,1hc,a7m,b4p",url_found,,,,,Matched 'Pyjamas and Lounge Pants' score=0.85
Men,Innerwear & Loungewear,Thermals,"https://www.flipkart.com/clothing-and-accessories/winter-wear/thermals/men-thermals/pr?sid=clo,qvw,ugg,oak",url_found,,,,,Matched 'Thermals' score=0.85
Men,Innerwear & Loungewear,Night Suits,"https://www.flipkart.com/clothing-and-accessories/sleepwear/night-suits/men-night-suits/pr?sid=clo,1hc,5d2,dos",url_found,,,,,Matched 'Night Suits' score=0.85
Men,,Raincoats & Windcheaters,https://www.flipkart.com/clothing-and-accessories/~cs-4ayq68p3ip/pr?sid=clo&collection-tab-name=Raincoats+And+Windcheaters,verified,,,,,auto-matched 'Raincoats & Windcheaters' score=0.75
Men,Watches,Fastrack,https://www.flipkart.com/watches/fastrack~brand/pr?sid=r18,verified,,,,,Matched 'Fastrack' score=0.85
Men,Watches,Casio,https://www.flipkart.com/watches/casio~brand/pr?sid=r18,verified,,,,,Matched 'Casio' score=0.85
Men,Watches,Titan,https://www.flipkart.com/watches/titan~brand/pr?sid=r18,verified,,,,,Matched 'Titan' score=0.85
Men,Watches,Fossil,https://www.flipkart.com/watches/fossil~brand/pr?sid=r18,verified,,,,,Matched 'Fossil' score=0.85
Men,Watches,Sonata,https://www.flipkart.com/watches/sonata~brand/pr?sid=r18,verified,,,,,Matched 'Sonata' score=0.85
Men,Accessories,Backpacks,"https://www.flipkart.com/bags-wallets-belts/bags-backpacks/backpacks/pr?sid=reh,4d7,ak9",verified,,,,,Matched 'Backpacks' score=0.85
Men,Accessories,Wallets,https://www.flipkart.com/bags-wallets-belts/~wallets-belts/pr?sid=reh,verified,,,,,Matched 'Wallets & Belts' score=0.65
Men,Accessories,Belts,"https://www.flipkart.com/bags-wallets-belts/belts/~men/pr?sid=reh,wq9",url_found,,,,,Matched 'Belts' score=0.85
Men,Accessories,Sunglasses,https://www.flipkart.com/sunglasses/pr?sid=26x,verified,,,,,URL found by discover_categories on 2026-06-07
Men,Accessories,Luggage & Travel,https://www.flipkart.com/bags-wallets-belts/luggage-travel/pr?sid=reh/plk,verified,,,,,Matched 'Luggage & Travel' score=0.85
Men,Accessories,Frames,https://www.flipkart.com/eyewear/frames/pr?sid=u73/h4k,verified,,,,,Matched 'Frames' score=0.85
Men,Accessories,Jewellery,https://www.flipkart.com/jewellery/pr?sid=mcr,verified,,,,,URL found by discover_categories on 2026-06-07
Men,Sports & Fitness Store,Sports & Fitness Store,https://www.flipkart.com/sport-store,failed,2026-06-10T15:40:28,,,HTTP 200 but no product cards found,auto-matched 'Sports & Fitness Store' score=0.83
Men,,Smart Watches,https://www.flipkart.com/wearable-smart-devices/smart-watches/pr?sid=ajy%2Cbuh,url_found,,,,,URL found by discover_categories on 2026-06-07
Men,,Smart Bands,"https://www.flipkart.com/wearable-smart-devices/smart-bands/pr?sid=ajy,q7p",url_found,,,,,Matched 'Smart Bands' score=0.85
Men,Personal Care Appliances,Trimmers,https://www.flipkart.com/health-personal-care-appliances/personal-care-appliances/trimmers/pr?sid=zlw%2C79s%2Cby3,verified,,,,,URL found by discover_categories on 2026-06-07
Men,Personal Care Appliances,Shavers,"https://www.flipkart.com/health-personal-care-appliances/personal-care-appliances/shavers/pr?sid=zlw,79s,u3j",verified,,,,,Matched 'Shavers' score=0.85
Men,Personal Care Appliances,Grooming Kits,https://www.flipkart.com/health-personal-care-appliances/personal-care-appliances/grooming-kit/pr?sid=zlw%2C79s%2Cbi7,verified,,,,,auto-matched 'Grooming Kits' score=0.87
Women,Clothing,Topwear,"https://www.flipkart.com/clothing-and-accessories/topwear/pr?sid=clo,ash",verified,,,,,Matched 'Top wear' score=0.81
Women,Clothing,Dresses,"https://www.flipkart.com/clothing-and-accessories/dresses-and-gown/dress/women-dress/pr?sid=clo,odx,maj,jhy",verified,,,,,Matched 'Dresses' score=0.88
Women,Clothing,Jeans,"https://www.flipkart.com/clothing-and-accessories/bottomwear/jeans/women-jeans/pr?sid=clo,vua,k58,4hp",verified,,,,,Matched 'Jeans' score=0.88
Women,Clothing,Shorts,"https://www.flipkart.com/clothing-and-accessories/bottomwear/shorts/women-shorts/pr?sid=clo,vua,e8g,hbd",url_found,,,,,Matched 'Shorts' score=0.88
Women,Clothing,Skirts,"https://www.flipkart.com/clothing-and-accessories/bottomwear/skirts/women-skirts/pr?sid=clo,vua,iku,w5t",verified,,,,,Matched 'Skirts' score=0.88
Women,Clothing,Jeggings & Tights,https://www.flipkart.com/clothing-and-accessories/bottomwear/~cs-hdgz8fjfgm/pr?sid=clo%2Cvua&collection-tab-name=Tights+And++Legging,verified,,,,,auto-matched 'Jeggings & Tights' score=0.75
Women,Clothing,Trousers & Capris,https://www.flipkart.com/clothing-and-accessories/bottomwear/~cs-g50m8job1g/pr?sid=clo%2Cvua&collection-tab-name=Trousers+and+Capris,verified,,,,,auto-matched 'Trousers & Capris' score=0.75
Women,Lingerie & Sleepwear,Bras,https://www.flipkart.com/clothing-and-accessories/innerwear/bra/women-bra/pr?sid=clo%2Cqfl%2Cv5v%2Ckzg,url_found,,,,,auto-matched 'Bras' score=0.77
Women,Lingerie & Sleepwear,Panties,"https://www.flipkart.com/clothing-and-accessories/innerwear/panties/women-panties/pr?sid=clo,qfl,q5u,la2",verified,,,,,Matched 'Panties' score=0.88
Women,Lingerie & Sleepwear,Lingerie Sets,"https://www.flipkart.com/clothing-and-accessories/innerwear/lingerie-and-accessories/lingerie-sets/pr?sid=clo,qfl,w4j,53e",verified,,,,,Matched 'Lingerie Sets' score=0.85
Women,Lingerie & Sleepwear,Night Dresses & Nighties,https://www.flipkart.com/clothing-and-accessories/sleepwear/night-dresses-and-nighties/women-night-dresses-and-nighties/pr?sid=clo%2C1hc%2Ckc4%2Cnmu,url_found,,,,,auto-matched 'Night Dresses & Nighties' score=1.00
Women,Lingerie & Sleepwear,Shapewear,"https://www.flipkart.com/clothing-and-accessories/innerwear/shapewears/women-shapewears/pr?sid=clo,qfl,uga,tpq",url_found,,,,,Matched 'Shapewear' score=0.88
Women,Lingerie & Sleepwear,Camisoles & Slips,https://www.flipkart.com/clothing-and-accessories/innerwear/camisole-and-slips/women-camisole-and-slips/pr?sid=clo%2Cqfl%2Cpji%2Ccrb,url_found,,,,,auto-matched 'Camisoles & Slips' score=0.89
Women,Ethnic Wear,Sarees,https://www.flipkart.com/clothing-and-accessories/saree-and-accessories/saree/women-saree/pr,failed,2026-06-10T15:39:05,,,Ignoring non-200 response,URL found by discover_categories on 2026-06-07
Women,Ethnic Wear,Kurtas & Kurtis,https://www.flipkart.com/womens-kurtas-kurtis/pr?sid=clo%2Ccfv%2Ccib%2Crkt,verified,,,,,URL found by discover_categories on 2026-06-07
Women,Ethnic Wear,Dress Material,"https://www.flipkart.com/clothing-and-accessories/fabric/dress-material/women-dress-material/pr?sid=clo,qfi,xcx,ms4",verified,,,,,Matched 'Dress Material' score=0.88
Women,Ethnic Wear,Lehenga Choli,"https://www.flipkart.com/clothing-and-accessories/lehenga-choli/women-lehenga-choli/pr?sid=clo,hlg,wrp",verified,,,,,Matched 'Lehenga Choli' score=0.88
Women,Ethnic Wear,Blouse,"https://www.flipkart.com/clothing-and-accessories/saree-and-accessories/blouse/women-blouse/pr?sid=clo,8on,5n9,hny",url_found,,,,,Matched 'Blouse' score=0.88
Women,Ethnic Wear,Kurta Sets & Salwar Suits,https://www.flipkart.com/clothing-and-accessories/ethnic-wear/ethnic-sets/women-ethnic-sets-and-salwar-suits/pr?sid=clo%2Ccfv%2Citg%2Ctys,url_found,,,,,auto-matched 'Kurta Sets & Salwar Suits' score=0.95
Women,Ethnic Wear,Gowns,https://www.flipkart.com/womens-gowns/pr?sid=clo%2Codx%2Cod7%2C0xx,verified,,,,,URL found by discover_categories on 2026-06-07
Women,Ethnic Wear,Dupattas,"https://www.flipkart.com/clothing-and-accessories/clothing-accessories/dupattas/women-dupattas/pr?sid=clo,qd8,t6b,pjy",url_found,,,,,Matched 'Dupattas' score=0.88
Women,Ethnic Bottoms,Leggings & Churidars,https://www.flipkart.com/clothing-and-accessories/ethnic-wear/leggings-and-churidar/women-leggings-and-churidar/pr?sid=clo%2Ccfv%2Cht7%2Ccjo,url_found,,,,,auto-matched 'Leggings & Churidars' score=0.89
Women,Ethnic Bottoms,Palazzos,https://www.flipkart.com/clothing-and-accessories/ethnic-wear/palazzo/pr?sid=clo%2Ccfv%2Cmn6,url_found,,,,,auto-matched 'Palazzos' score=0.75
Women,Ethnic Bottoms,Shararas,https://www.flipkart.com/clothing-and-accessories/ethnic-wear/sharara/pr?sid=clo%2Ccfv%2C7po,url_found,,,,,auto-matched 'Shararas' score=0.75
Women,Ethnic Bottoms,Salwars & Patiala,https://www.flipkart.com/clothing-and-accessories/ethnic-wear/salwar-and-patiala/women-salwar-and-patiala/pr?sid=clo%2Ccfv%2C1n0%2Cops,url_found,,,,,auto-matched 'Salwars & Patiala' score=0.89
Women,Ethnic Bottoms,Salwars & Patiala,https://www.flipkart.com/clothing-and-accessories/ethnic-wear/salwar-and-patiala/women-salwar-and-patiala/pr?sid=clo%2Ccfv%2C1n0%2Cops,url_found,,,,,auto-matched 'Salwars & Patiala' score=0.89
Women,Ethnic Bottoms,Dhoti Pants,"https://www.flipkart.com/clothing-and-accessories/ethnic-wear/dhoti-pants/women-dhoti-pants/pr?sid=clo,cfv,emd,on4",url_found,,,,,Matched 'Dhoti Pants' score=0.88
Women,Ethnic Bottoms,Ethnic Trousers,https://www.flipkart.com/clothing-and-accessories/bottomwear/trouser/women-trouser/pr?sid=clo%2Cvua%2Cmle%2C8ie&p%5B%5D=facets.suitable_for%255B%255D%3DEthnic%2BWear&p%5B%5D=facets.suitable_for%255B%255D%3DFusion%2BWear,verified,,,,,auto-matched 'Ethnic Trousers' score=0.77
Women,Ethnic Bottoms,Saree Shapewear & Petticoats,https://www.flipkart.com/clothing-and-accessories/saree-and-accessories/petticoat/women-petticoat/pr?sid=clo%2C8on%2Ctpo%2Ctuw,url_found,,,,,auto-matched 'Saree Shapewear & Petticoats' score=0.85
Women,Footwear,,,,,,,,
Women,Sandals,Flats,"https://www.flipkart.com/womens-footwear/flats/pr?sid=osp,iko,9d5",url_found,,,,,Matched 'Flats' score=0.88
Women,Sandals,Heels,https://www.flipkart.com/womens-footwear/womens-heels/pr?sid=osp%2Ciko%2C6q1,verified,,,,,URL found by discover_categories on 2026-06-07
Women,Shoes,Sports Shoes,https://www.flipkart.com/mens-footwear/sports-shoes/pr?sid=osp%2Ccil%2C1cu,url_found,,,,,URL found by discover_categories on 2026-06-07
Women,Shoes,Casual Shoes,https://www.flipkart.com/mens-footwear/casual-shoes/pr?sid=osp%2Ccil%2Ce1f,url_found,,,,,URL found by discover_categories on 2026-06-07
Women,Shoes,Boots,"https://www.flipkart.com/womens-footwear/boots/pr?sid=osp,iko,xgp",url_found,,,,,Matched 'Boots' score=0.88
Women,,Ballerinas,"https://www.flipkart.com/womens-footwear/ballerinas/pr?sid=osp,iko,974",url_found,,,,,Matched 'Ballerinas' score=0.88
Women,,Slippers & Flip- Flop's,https://www.flipkart.com/womens-footwear/slippers-flip-flops/pr?sid=osp%2Ciko%2Ciz7,url_found,,,,,auto-matched 'Slippers & Flip- Flop's' score=1.00
Women,,Smart Watches,https://www.flipkart.com/wearable-smart-devices/smart-watches/pr?sid=ajy%2Cbuh,url_found,,,,,URL found by discover_categories on 2026-06-07
Women,Personal Care Appliances,Hair Straightners,https://www.flipkart.com/health-personal-care-appliances/personal-care-appliances/hair-straighteners/pr?sid=zlw%2C79s%2Cdk5,verified,,,,,auto-matched 'Hair Straightners' score=0.87
Women,Personal Care Appliances,Hair Dryers,"https://www.flipkart.com/health-personal-care-appliances/personal-care-appliances/hair-dryers/pr?sid=zlw,79s,mh8",verified,,,,,Matched 'Hair Dryers' score=0.85
Women,Personal Care Appliances,Epilators,"https://www.flipkart.com/health-personal-care-appliances/personal-care-appliances/epilators/pr?sid=zlw,79s,k32",verified,,,,,Matched 'Epilators' score=0.85
Women,Beauty & Grooming,Make Up,https://www.flipkart.com/beauty-and-grooming/makeup/pr?sid=g9b%2Cffi&p%5B%5D=facets.serviceability%5B%5D%3Dtrue,verified,,,,,auto-matched 'Make Up' score=0.99
Women,Beauty & Grooming,Skin Care,https://www.flipkart.com/beauty-and-grooming/body-face-skin-care/body-and-face-care/pr?sid=g9b%2Cema%2C5la&p%5B%5D=facets.ideal_for%255B%255D%3DMen%2B%2526%2BWomen&p%5B%5D=facets.ideal_for%255B%255D%3DWomen&p%5B%5D=facets.ideal_for%255B%255D%3DUnisex&p%5B%5D=facets.serviceability%5B%5D%3Dtrue,verified,,,,,auto-matched 'Skin Care' score=1.00
Women,Beauty & Grooming,Hair Care,https://www.flipkart.com/beauty-and-grooming/hair-care-and-accessory/pr?sid=g9b%2Clcf,verified,,,,,URL found by discover_categories on 2026-06-07
Women,Beauty & Grooming,Bath & Spa,https://www.flipkart.com/beauty-and-grooming/bath-shower/pr?sid=g9b%2C5nz&p%5B%5D=facets.serviceability%5B%5D%3Dtrue,verified,,,,,auto-matched 'Bath & Spa' score=0.99
Women,Beauty & Grooming,Deodorants & Perfumes,https://www.flipkart.com/beauty-and-grooming/fragrances/pr?sid=g9b%2C0yh&p%5B%5D=facets.ideal_for%255B%255D%3DWomen&p%5B%5D=facets.ideal_for%255B%255D%3DMen%2B%2526%2BWomen&p%5B%5D=facets.serviceability%5B%5D%3Dtrue,verified,,,,,auto-matched 'Deodorants & Perfumes' score=0.77
Women,Jewellery,Artificial Jewellery,https://www.flipkart.com/search?q=artificial+jewellery+for+women&sid=mcr%2C96v%2Cyx2&suggestionId=artificial+jewellery+for+women%7CJewellery+Sets&requestId=eefe6a0a-3391-405d-913c-53850a82dd38,verified,,,,,auto-matched 'Artificial Jewellery' score=0.77
Women,Jewellery,Silver Jewellery,"https://www.flipkart.com/jewellery/silver-jewellery/pr?sid=mcr,tfz",verified,,,,,Matched 'Silver Jewellery' score=0.85
Women,Jewellery,Precious Jewellery,"https://www.flipkart.com/jewellery/precious-jewellery/pr?sid=mcr,ykh",verified,,,,,Matched 'Precious Jewellery' score=0.85
Women,Jewellery,Coins and Bars,https://www.flipkart.com/jewellery/gemstones-coins-bars/pr?sid=mcr%2C73x&p%5B%5D=facets.serviceability%5B%5D%3Dtrue,url_found,,,,,auto-matched 'Coins and Bars' score=0.99
Women,Accessories,Handbags,https://www.flipkart.com/bags-wallets-belts/handbags-clutches/handbags/pr?sid=reh%2Cihu%2Cm08,verified,,,,,URL found by discover_categories on 2026-06-07
Women,Accessories,Shoulder Bags,"https://www.flipkart.com/bags-wallets-belts/handbags-clutches/shoulder-bags/pr?sid=reh,ihu,1gy",verified,,,,,Matched 'Shoulder Bags' score=0.85
Women,Accessories,Totes,"https://www.flipkart.com/bags-wallets-belts/handbags-clutches/totes/pr?sid=reh,ihu,v57",verified,,,,,Matched 'Totes' score=0.85
Women,Accessories,Sling bags,"https://www.flipkart.com/bags-wallets-belts/handbags-clutches/sling-bags/pr?sid=reh,ihu,mf2",verified,,,,,Matched 'Sling bags' score=0.85
Women,Accessories,Sling bags,"https://www.flipkart.com/bags-wallets-belts/handbags-clutches/sling-bags/pr?sid=reh,ihu,mf2",url_found,,,,,Matched 'Sling bags' score=0.85
Women,Accessories,Clutches,"https://www.flipkart.com/bags-wallets-belts/wallets-clutches/clutches/pr?sid=reh,cca,q6i",verified,,,,,Matched 'Clutches' score=0.85
Women,Accessories,Wallets & Belts,https://www.flipkart.com/bags-wallets-belts/~wallets-belts/pr?sid=reh,url_found,,,,,Matched 'Wallets & Belts' score=0.85
Baby & Kids,Kids Clothing,,,,,,,,
Baby & Kids,Boys' Clothing,T-Shirts,https://www.flipkart.com/clothing-and-accessories/topwear/tshirt/pr?sid=clo%2Cash%2Cank&p%5B%5D=facets.ideal_for%255B%255D%3DBoys&p%5B%5D=facets.ideal_for%255B%255D%3DBoys%2B%2526%2BGirls&p%5B%5D=facets.ideal_for%255B%255D%3DBaby%2BBoys%2B%2526%2BBaby%2BGirls&p%5B%5D=facets.ideal_for%255B%255D%3DBaby%2BBoys,url_found,,,,,auto-matched 'T-Shirts' score=0.77
Baby & Kids,Boys' Clothing,Ethnic Wear,"https://www.flipkart.com/clothing-and-accessories/ethnic-wear/pr?sid=clo,cfv",verified,,,,,Matched 'Ethnic wear' score=0.85
Baby & Kids,Boys' Clothing,Shorts,"https://www.flipkart.com/clothing-and-accessories/bottomwear/shorts/men-shorts/pr?sid=clo,vua,e8g,kc7",url_found,,,,,Matched 'Shorts' score=0.85
Baby & Kids,Boys' Clothing,Shirts,https://www.flipkart.com/clothing-and-accessories/topwear/shirt/kids-shirt/pr?sid=clo%2Cash%2Caxc%2Cznf&p%5B%5D=facets.ideal_for%255B%255D%3DBoys,url_found,,,,,auto-matched 'Shirts' score=0.77
Baby & Kids,Boys' Clothing,Innerwear,"https://www.flipkart.com/clothing-and-accessories/innerwear/pr?sid=clo,qfl",verified,,,,,Matched 'Innerwear' score=0.85
Baby & Kids,Girls' Clothing,Dresses & Skirts,https://www.flipkart.com/clothing-and-accessories/dresses-and-gown/dress/kids-dress/pr?sid=clo%2Codx%2Cmaj%2Czc1,verified,,,,,auto-matched 'Dresses & Skirts' score=0.89
Baby & Kids,Girls' Clothing,Ethnic Wear,"https://www.flipkart.com/clothing-and-accessories/ethnic-wear/pr?sid=clo,cfv",url_found,,,,,Matched 'Ethnic wear' score=0.85
Baby & Kids,Girls' Clothing,T-shirts & Tops,https://www.flipkart.com/clothing-and-accessories/topwear/pr?sid=clo%2Cash&p%5B%5D=facets.ideal_for%255B%255D%3DGirls&p%5B%5D=facets.ideal_for%255B%255D%3DBoys%2B%2526%2BGirls&p%5B%5D=facets.ideal_for%255B%255D%3DBaby%2BBoys%2B%2526%2BBaby%2BGirls&p%5B%5D=facets.ideal_for%255B%255D%3DBaby%2BGirls,verified,,,,,auto-matched 'T-shirts & Tops' score=0.77
Baby & Kids,Girls' Clothing,Innerwear,"https://www.flipkart.com/clothing-and-accessories/innerwear/pr?sid=clo,qfl",url_found,,,,,Matched 'Innerwear' score=0.85
Baby & Kids,Baby Boys' Clothing,Combos Sets,https://www.flipkart.com/clothing-and-accessories/kids-clothing-sets/kids-appareal-combo/pr?sid=clo%2Ceof%2C1bp&p%5B%5D=facets.ideal_for%255B%255D%3DBaby%2BBoys&p%5B%5D=facets.ideal_for%255B%255D%3DBaby%2BBoys%2B%2526%2BBaby%2BGirls,verified,,,,,auto-matched 'Combos Sets' score=0.89
Baby & Kids,Baby Boys' Clothing,T-Shirts,https://www.flipkart.com/clothing-and-accessories/topwear/tshirt/pr?sid=clo%2Cash%2Cank&p%5B%5D=facets.ideal_for%255B%255D%3DBoys&p%5B%5D=facets.ideal_for%255B%255D%3DBoys%2B%2526%2BGirls&p%5B%5D=facets.ideal_for%255B%255D%3DBaby%2BBoys%2B%2526%2BBaby%2BGirls&p%5B%5D=facets.ideal_for%255B%255D%3DBaby%2BBoys,url_found,,,,,auto-matched 'T-Shirts' score=0.77
Baby & Kids,Baby Boys' Clothing,Innerwear,"https://www.flipkart.com/clothing-and-accessories/innerwear/pr?sid=clo,qfl",url_found,,,,,Matched 'Innerwear' score=0.85
Baby & Kids,Baby Girls' Clothing,Combos Sets,https://www.flipkart.com/clothing-and-accessories/kids-clothing-sets/kids-appareal-combo/pr?sid=clo%2Ceof%2C1bp&p%5B%5D=facets.ideal_for%255B%255D%3DBaby%2BBoys&p%5B%5D=facets.ideal_for%255B%255D%3DBaby%2BBoys%2B%2526%2BBaby%2BGirls,url_found,,,,,auto-matched 'Combos Sets' score=0.89
Baby & Kids,Baby Girls' Clothing,Dresses & Gowns,https://www.flipkart.com/clothing-and-accessories/dresses-and-gown/dress/kids-dress/pr?sid=clo%2Codx%2Cmaj%2Czc1,url_found,,,,,auto-matched 'Dresses & Gowns' score=0.89
Baby & Kids,Baby Girls' Clothing,Innerwear,"https://www.flipkart.com/clothing-and-accessories/innerwear/pr?sid=clo,qfl",url_found,,,,,Matched 'Innerwear' score=0.85
Baby & Kids,Boys' Footwear,Sandals,"https://www.flipkart.com/womens-footwear/~womens-sandals/pr?sid=osp,iko",verified,,,,,Matched 'Sandals' score=0.85
Baby & Kids,Boys' Footwear,Sport Shoes,https://www.flipkart.com/footwear/kids-infant-footwear/boys-footwear/sports-shoes/pr?sid=osp%2Cmba%2Co3t%2Caua,verified,,,,,auto-matched 'Sport Shoes' score=1.00
Baby & Kids,,Infant Footwear,https://www.flipkart.com/footwear/kids-infant-footwear/pr?sid=osp%2Cmba,verified,,,,,URL found by discover_categories on 2026-06-07
Baby & Kids,Character Shoes,Kids' Watches,https://www.flipkart.com/watches/pr?sid=r18&p%5B%5D=facets.ideal_for%255B%255D%3DGirls&p%5B%5D=facets.ideal_for%255B%255D%3DBoys&p%5B%5D=facets.ideal_for%255B%255D%3DBoys%2B%2526%2BGirls,verified,,,,,auto-matched 'Kids' Watches' score=0.87
Baby & Kids,,Kids' Winter Wear,https://www.flipkart.com/clothing-and-accessories/winter-wear/pr?sid=clo%2Cqvw&p%5B%5D=facets.ideal_for%255B%255D%3DBoys&p%5B%5D=facets.ideal_for%255B%255D%3DBoys%2B%2526%2BGirls&p%5B%5D=facets.ideal_for%255B%255D%3DGirls&p%5B%5D=facets.ideal_for%255B%255D%3DBaby%2BBoys%2B%2526%2BBaby%2BGirls&p%5B%5D=facets.ideal_for%255B%255D%3DBaby%2BGirls&p%5B%5D=facets.ideal_for%255B%255D%3DBaby%2BBoys,verified,,,,,auto-matched 'Kids' Winter Wear' score=0.93
Baby & Kids,Boys',, Winter Wear,Boys' Sweatshirts,https://www.flipkart.com/clothing-and-accessories/winter-wear/sweatshirt/kids-sweatshirt/pr?sid=clo%2Cqvw%2C64a%2Clwy&p%5B%5D=facets.ideal_for%255B%255D%3DBoys&p%5B%5D=facets.ideal_for%255B%255D%3DBoys%2B%2526%2BGirls,url_found,,,,,auto-matched 'Boys' Sweatshirts' score=0.77
Baby & Kids,Boys' Winter Wear,Boys' Jacket,https://www.flipkart.com/clothing-and-accessories/winter-wear/jackets/kids-jackets/pr?sid=clo%2Cqvw%2Cz0g%2C0vw,verified,,,,,auto-matched 'Boys' Jacket' score=0.89
Baby & Kids,Girls' Winter Wear,Girls' Sweatshirts,https://www.flipkart.com/clothing-and-accessories/winter-wear/sweatshirt/kids-sweatshirt/pr?sid=clo%2Cqvw%2C64a%2Clwy&p%5B%5D=facets.ideal_for%255B%255D%3DBoys%2B%2526%2BGirls&p%5B%5D=facets.ideal_for%255B%255D%3DGirls,url_found,,,,,auto-matched 'Girls' Sweatshirts' score=0.77
Baby & Kids,Girls' Winter Wear,Girls' Jackets,https://www.flipkart.com/clothing-and-accessories/winter-wear/jackets/kids-jackets/pr?sid=clo%2Cqvw%2Cz0g%2C0vw,url_found,,,,,auto-matched 'Girls' Jackets' score=0.89
Baby & Kids,Girls' Winter Wear,Infant Winter Wear,https://www.flipkart.com/clothing-and-accessories/winter-wear/pr?sid=clo%2Cqvw&p%5B%5D=facets.ideal_for%255B%255D%3DBaby%2BBoys%2B%2526%2BBaby%2BGirls&p%5B%5D=facets.ideal_for%255B%255D%3DBaby%2BGirls&p%5B%5D=facets.ideal_for%255B%255D%3DBaby%2BBoys,verified,,,,,auto-matched 'Infant Winter Wear' score=0.93
Baby & Kids,Girls' Winter Wear,Thermals,"https://www.flipkart.com/clothing-and-accessories/winter-wear/thermals/men-thermals/pr?sid=clo,qvw,ugg,oak",url_found,,,,,Matched 'Thermals' score=0.85
Baby & Kids,Toys,Remote Control Toys,"https://www.flipkart.com/toys/remote-control-toys/pr?sid=mgl,56m",verified,,,,,Matched 'Remote Control Toys' score=0.85
Baby & Kids,Toys,Educational Toys,"https://www.flipkart.com/toys/educational-toys/learning-toys/pr?sid=mgl,u35",verified,,,,,Matched 'Educational Toys' score=0.85
Baby & Kids,Toys,Soft Toys+,,,,,,,
Baby & Kids,Toys,Cars & Die-cast Vehicles,https://www.flipkart.com/toys/vehicle-action-toys/vehicle-pull-along/pr?sid=mgl%2Cj6q,url_found,,,,,auto-matched 'Cars & Die-cast Vehicles' score=0.75
Baby & Kids,Toys,"Outdoor Toys
Action Figures",,,,,,,
Baby & Kids,Toys,Board Games,"https://www.flipkart.com/toys/puzzles-board-games/card-games/pr?sid=mgl,qet",url_found,,,,,Matched 'Board Games' score=0.85
Baby & Kids,Toys,Musical Toys,"https://www.flipkart.com/toys/musical-toys/pr?sid=mgl,pz4",url_found,,,,,Matched 'Musical Toys' score=0.85
Baby & Kids,Toys,Dolls & Doll Houses,"https://www.flipkart.com/toys/dolls-doll-houses/pr?sid=mgl,fnw",url_found,,,,,Matched 'Dolls & Doll Houses' score=0.85
Baby & Kids,Toys,Puzzles,"https://www.flipkart.com/toys/puzzles/pr?sid=mgl,lu4",url_found,,,,,Matched 'Puzzles' score=0.85
Baby & Kids,Toys,S.T.E.M Toys,https://www.flipkart.com/search?q=stem+toys&sid=tng%2Cll1&suggestionId=stem+toys%7CLearning+and+Educational+Toys&requestId=7e4d95e0-03a6-4100-a342-9e57c361c593,verified,,,,,auto-matched 'S.T.E.M Toys' score=0.75
Baby & Kids,Toys,Party Supplies,"https://www.flipkart.com/toys/party-supplies/pr?sid=mgl,ksc",verified,,,,,Matched 'Party Supplies' score=0.85
Baby & Kids,School Supplies,School Bags,"https://www.flipkart.com/kids-accessories/school-supplies/school-bags/pr?sid=d69,thr,wsp",verified,,,,,Matched 'School Bags' score=0.88
Baby & Kids,School Supplies,School Combo Sets,https://www.flipkart.com/toys/school-supplies/school-sets/pr?sid=mgl%2Cthr%2Cscm,url_found,,,,,auto-matched 'School Combo Sets' score=0.91
Baby & Kids,School Supplies,Lunch Box,"https://www.flipkart.com/kitchen-cookware-serveware/lunch-boxes-bottles-and-flasks/lunch-boxes/pr?sid=upp,f2k,u70",url_found,,,,,Matched 'Lunch Boxes' score=0.80
Baby & Kids,Baby Care,Diapers,https://www.flipkart.com/baby-care/diaper-potty-training/baby-diapers/pr?sid=kyh%2Cfdp%2Cyvf,verified,,,,,URL found by discover_categories on 2026-06-07
Baby & Kids,Baby Care,Wipes,https://www.flipkart.com/baby-care/diaper-potty-training/baby-wipes/pr?sid=kyh%2Cfdp%2Ckvq&p%5B%5D=facets.serviceability%5B%5D%3Dtrue,verified,,,,,auto-matched 'Wipes' score=1.00
Baby & Kids,Baby Care,Diapering & Potty Training,https://www.flipkart.com/baby-care/diaper-potty-training/pr?sid=kyh%2Cfdp&p%5B%5D=facets.serviceability%5B%5D%3Dtrue,verified,,,,,auto-matched 'Diapering & Potty Training' score=0.93
Baby & Kids,Baby Care,"Baby Bath, Hair & Skin Care",https://www.flipkart.com/baby-care/baby-bath-hair-skin-care/pr?sid=kyh%2Cpl5&p%5B%5D=facets.serviceability%5B%5D%3Dtrue,verified,,,,,"auto-matched 'Baby Bath, Hair & Skin Care' score=1.00"
Baby & Kids,Baby Care,Baby Grooming,https://www.flipkart.com/baby-care/baby-grooming/pr?sid=kyh%2Ctyn&p%5B%5D=facets.serviceability%5B%5D%3Dtrue,verified,,,,,auto-matched 'Baby Grooming' score=1.00
Baby & Kids,Baby Care,Baby Bathing Accessories,https://www.flipkart.com/baby-care/baby-bathing-accessories/pr?sid=kyh%2Crdc&p%5B%5D=facets.serviceability%5B%5D%3Dtrue,verified,,,,,auto-matched 'Baby Bathing Accessories' score=1.00
Baby & Kids,Baby Care,Baby Gift Sets & Combo,https://www.flipkart.com/baby-care/baby-gift-sets-combo/pr?sid=kyh%2Cutp&p%5B%5D=facets.serviceability%5B%5D%3Dtrue,verified,,,,,auto-matched 'Baby Gift Sets & Combo' score=1.00
Baby & Kids,Baby Care,Baby Oral Care,https://www.flipkart.com/baby-care/baby-oral-care/pr?sid=kyh%2Cga0&p%5B%5D=facets.serviceability%5B%5D%3Dtrue,verified,,,,,auto-matched 'Baby Oral Care' score=1.00
Baby & Kids,Baby Care,Nursing & Breast Feeding,https://www.flipkart.com/baby-care/nursing-breast-feeding/pr?sid=kyh%2Cie7&p%5B%5D=facets.serviceability%5B%5D%3Dtrue,verified,,,,,auto-matched 'Nursing & Breast Feeding' score=1.00
Baby & Kids,Baby Care,Baby Food,https://www.flipkart.com/baby-care/baby-food/pr?sid=kyh%2Carw&p%5B%5D=facets.serviceability%5B%5D%3Dtrue,verified,,,,,auto-matched 'Baby Food' score=1.00
Baby & Kids,Baby Care,Baby Feeding Bottle &,https://www.flipkart.com/baby-care/baby-feeding-bottle-accessories/pr?sid=kyh%2C9gj&p%5B%5D=facets.serviceability%5B%5D%3Dtrue,verified,,,,,auto-matched 'Baby Feeding Bottle & Accessories' score=0.72
Baby & Kids,Baby Care,Baby Feeding Utensils & Accessories,https://www.flipkart.com/baby-care/baby-feeding-utensils-accessories/pr?sid=kyh%2Cdki&p%5B%5D=facets.serviceability%5B%5D%3Dtrue,verified,,,,,auto-matched 'Baby Feeding Utensils & Accessories' score=1.00
Baby & Kids,Baby Care,Baby Bedding,https://www.flipkart.com/baby-care/baby-bedding/pr?sid=kyh%2C7j3&p%5B%5D=facets.serviceability%5B%5D%3Dtrue,verified,,,,,auto-matched 'Baby Bedding' score=1.00
Baby & Kids,Baby Care,Baby Gear,https://www.flipkart.com/baby-care/strollers-activity-gear/pr?sid=kyh%2C5mt&p%5B%5D=facets.serviceability%5B%5D%3Dtrue,verified,,,,,auto-matched 'Baby Gear' score=1.00
Baby & Kids,Baby Care,Baby Medical & Health Care,https://www.flipkart.com/baby-care/baby-medical-health-care/pr?sid=kyh%2Cg83&p%5B%5D=facets.serviceability%5B%5D%3Dtrue,verified,,,,,auto-matched 'Baby Medical & Health Care' score=1.00
Baby & Kids,Baby Care,Baby Cleaners & Detergents,https://www.flipkart.com/baby-care/baby-cleaners-detergents/pr?sid=kyh%2Cakv&p%5B%5D=facets.serviceability%5B%5D%3Dtrue,verified,,,,,auto-matched 'Baby Cleaners & Detergents' score=1.00
Home & Furniture,"Kitchen, Cookware & Serveware",Pans,"https://www.flipkart.com/kitchen-cookware-serveware/cookware/pans/pr?sid=upp,tnx,9fq",verified,,,,,Matched 'Pans' score=0.85
Home & Furniture,"Kitchen, Cookware & Serveware",Tawas,"https://www.flipkart.com/kitchen-cookware-serveware/cookware/tawas/pr?sid=upp,tnx,j12",verified,,,,,Matched 'Tawas' score=0.85
Home & Furniture,"Kitchen, Cookware & Serveware",Pressure Cookers,"https://www.flipkart.com/kitchen-cookware-serveware/cookware/pressure-cookers/pr?sid=upp,tnx,gsl",verified,,,,,Matched 'Pressure Cookers' score=0.85
Home & Furniture,"Kitchen, Cookware & Serveware",Kitchen tools,"https://www.flipkart.com/kitchen-cookware-serveware/kitchen-tools/pr?sid=upp,ldf",verified,,,,,Matched 'Kitchen tools' score=0.85
Home & Furniture,"Kitchen, Cookware & Serveware",Gas Stoves,"https://www.flipkart.com/kitchen-cookware-serveware/gas-stove-accessories/gas-stoves/pr?sid=upp,d7m,uhm",verified,,,,,Matched 'Gas Stoves' score=0.85
Home & Furniture,Tableware & Dinnerware,Coffee Mugs,https://www.flipkart.com/kitchen-cookware-serveware/tableware-dinnerware/mugs/pr?sid=upp%2Ci7t%2Cmsi,verified,,,,,auto-matched 'Coffee Mugs' score=0.87
Home & Furniture,Tableware & Dinnerware,Dinner Set,"https://www.flipkart.com/kitchen-cookware-serveware/tableware-dinnerware/dinner-sets/pr?sid=upp,i7t,lha",verified,,,,,Matched 'Dinner Set' score=0.85
Home & Furniture,Tableware & Dinnerware,Barware,"https://www.flipkart.com/kitchen-cookware-serveware/barware/pr?sid=upp,ta2",verified,,,,,Matched 'Barware' score=0.85
Home & Furniture,Kitchen Storage,Water Bottles,https://www.flipkart.com/kitchen-cookware-serveware/lunch-boxes-bottles-and-flasks/water-bottles/pr?sid=upp%2Cf2k%2C0zz,url_found,,,,,URL found by discover_categories on 2026-06-07
Home & Furniture,Kitchen Storage,Lunch Boxes,"https://www.flipkart.com/kitchen-cookware-serveware/lunch-boxes-bottles-and-flasks/lunch-boxes/pr?sid=upp,f2k,u70",url_found,,,,,Matched 'Lunch Boxes' score=0.85
Home & Furniture,Kitchen Storage,Flasks,"https://www.flipkart.com/kitchen-cookware-serveware/lunch-boxes-bottles-and-flasks/flasks/pr?sid=upp,f2k,7k9",url_found,,,,,Matched 'Flasks' score=0.85
Home & Furniture,Kitchen Storage,Casseroles,"https://www.flipkart.com/kitchen-cookware-serveware/tableware-dinnerware/casseroles/pr?sid=upp,i7t,gka",verified,,,,,Matched 'Casseroles' score=0.85
Home & Furniture,,Cleaning Supplies,"https://www.flipkart.com/home-cleaning-bathroom-accessories/cleaning-supplies/pr?sid=rja,z2d",verified,,,,,Matched 'Cleaning Supplies' score=0.88
Home & Furniture,Bed Room Furniture,Beds,https://www.flipkart.com/furniture/beds-more/beds/pr?sid=wwe%2C7p7%2C4yf,verified,,,,,URL found by discover_categories on 2026-06-07
Home & Furniture,Bed Room Furniture,Mattresses,https://www.flipkart.com/furniture/mattresses/pr?sid=wwe%2Crg9,verified,,,,,URL found by discover_categories on 2026-06-07
Home & Furniture,Bed Room Furniture,Wardrobes,https://www.flipkart.com/furniture/wardrobes/pr?sid=wwe%2Cfc3,verified,,,,,URL found by discover_categories on 2026-06-07
Home & Furniture,Living Room Furniture,Sofa,"https://www.flipkart.com/furniture/sofas/pr?sid=wwe,c3z",verified,,,,,Matched 'Sofa' score=0.88
Home & Furniture,Living Room Furniture,Sofa Beds,https://www.flipkart.com/furniture/sofa-beds/pr?sid=wwe%2Cosg,verified,,,,,URL found by discover_categories on 2026-06-07
Home & Furniture,Living Room Furniture,TV Units,"https://www.flipkart.com/furniture/tv-units-cabinets/pr?sid=wwe,243",verified,,,,,Matched 'TV Units' score=0.88
Home & Furniture,Living Room Furniture,Dining Tables & Chairs,https://www.flipkart.com/furniture/dining-tables-sets/pr?sid=wwe%2Cur9,verified,,,,,auto-matched 'Dining Tables & Chairs' score=0.93
Home & Furniture,Living Room Furniture,Coffee Tables,"https://www.flipkart.com/furniture/tables/coffee-tables/pr?sid=wwe,ki7,ot1",verified,,,,,Matched 'Coffee Tables' score=0.88
Home & Furniture,Living Room Furniture,Shoe Racks,https://www.flipkart.com/furniture/shoe-rack/pr?sid=wwe%2C0ye,verified,,,,,auto-matched 'Shoe Racks' score=0.89
Home & Furniture,Office & Study Furniture,Kids Room Furniture,https://www.flipkart.com/furniture/~kids-furniture/pr?sid=wwe,verified,,,,,auto-matched 'Kids Room Furniture' score=0.93
Home & Furniture,DIY Furniture,Bean Bags,"https://www.flipkart.com/furniture/bean-bags/pr?sid=wwe,4n6",verified,,,,,Matched 'Bean Bags' score=0.88
Home & Furniture,DIY Furniture,Collapsible,"https://www.flipkart.com/furniture/wardrobes/collapsible-wardrobes/pr?sid=wwe,fc3,xlp",url_found,,,,,Matched 'Collapsible Wardrobes' score=0.71
Home & Furniture,Furnishing,Bedsheets,"https://www.flipkart.com/home-furnishing/bed-linen-blankets/bedsheets/pr?sid=jra,knw,qcw",verified,,,,,Matched 'Bedsheets' score=0.88
Home & Furniture,Furnishing,Curtains,https://www.flipkart.com/home-furnishing/curtains-accessories/curtains/pr?sid=jra%2Csl5%2C2va,verified,,,,,URL found by discover_categories on 2026-06-07
Home & Furniture,Furnishing,Cushions & Pillows,https://www.flipkart.com/home-furnishing/cushions-pillows/pr?sid=jra%2Ckzv,verified,,,,,URL found by discover_categories on 2026-06-07
Home & Furniture,Furnishing,Blankets,"https://www.flipkart.com/home-furnishing/bed-linen-blankets/blankets/pr?sid=jra,knw,llw",verified,,,,,Matched 'Blankets' score=0.88
Home & Furniture,Furnishing,Bath Towels,"https://www.flipkart.com/home-furnishing/bath-linen/bath-towels/pr?sid=jra,jk3,wtg",verified,,,,,Matched 'Bath Towels' score=0.88
Home & Furniture,Furnishing,Kitchen & Table Linen,"https://www.flipkart.com/home-furnishing/kitchen-table-linen/pr?sid=jra,iwp",verified,,,,,Matched 'Kitchen & Table Linen' score=0.88
Home & Furniture,Furnishing,Floor Coverings,"https://www.flipkart.com/home-furnishing/floor-coverings/pr?sid=jra,kwq",verified,,,,,Matched 'Floor Coverings' score=0.88
Home & Furniture,Home Improvement,Tools & Measuring Equipments,https://www.flipkart.com/tools-and-measuring-equipment/pr?sid=h1m%2Chww,url_found,,,,,auto-matched 'Tools & Measuring Equipments' score=0.91
Home & Furniture,Home Improvement,Home Utilities & Organizers,https://www.flipkart.com/home-improvement/home-utilities-and-organizers/pr?sid=h1m%2Ciee,verified,,,,,auto-matched 'Home Utilities & Organizers' score=1.00
Home & Furniture,Home Improvement,Home Utilities & Organizers,https://www.flipkart.com/home-improvement/home-utilities-and-organizers/pr?sid=h1m%2Ciee,url_found,,,,,auto-matched 'Home Utilities & Organizers' score=1.00
Home & Furniture,Home Improvement,Lawn & Gardening,https://www.flipkart.com/gardening-store,failed,2026-06-10T15:35:21,,,HTTP 200 but no product cards found,auto-matched 'Lawn & Gardening' score=0.87
Home & Furniture,Home Improvement,Bathroom & Kitchen Fittings,https://www.flipkart.com/building-materials-and-supplies/bathroom-and-kitchen-fittings/pr?sid=b8s%2Cecr,verified,,,,,auto-matched 'Bathroom & Kitchen Fittings' score=0.99
Home & Furniture,Home Decor,Paintings,https://www.flipkart.com/home-decor/paintings-posters/paintings/pr?sid=arb%2Cbga%2Cmmf,verified,,,,,URL found by discover_categories on 2026-06-07
Home & Furniture,Home Decor,Clocks,https://www.flipkart.com/home-decor/clocks/pr?sid=arb%2Ckjw&p%5B%5D=facets.serviceability%5B%5D%3Dtrue,verified,,,,,auto-matched 'Clocks' score=1.00
Home & Furniture,Home Decor,Wall Shelves,"https://www.flipkart.com/home-decor/wall-decor-items/wall-shelves/pr?sid=arb,a77,vk7",verified,,,,,Matched 'Wall Shelves' score=0.88
Home & Furniture,Home Decor,Stickers,https://www.flipkart.com/home-decor/stickers-wallpapers/stickers/pr?sid=arb%2Cyod%2Csi0&p%5B%5D=facets.serviceability%5B%5D%3Dtrue,verified,,,,,auto-matched 'Stickers' score=1.00
Home & Furniture,Home Decor,Showpieces & Figurines,"https://www.flipkart.com/home-decor/showpieces-decor-accents/showpieces-figurines/pr?sid=arb,uj2,z1t",verified,,,,,Matched 'Showpieces & Figurines' score=0.88
Home & Furniture,Home Lighting,Bulbs,"https://www.flipkart.com/home-lighting/utility-lightling/bulbs/pr?sid=jhg,yqn,feb",url_found,,,,,Matched 'Bulbs' score=0.88
Home & Furniture,Home Lighting,Wall Lamp,"https://www.flipkart.com/home-lighting/decor-lighting-accessories/wall-lamps/pr?sid=jhg,6w8,mbd",verified,,,,,Matched 'Wall Lamp' score=0.88
Home & Furniture,Home Lighting,Table Lamp,"https://www.flipkart.com/home-lighting/decor-lighting-accessories/table-lamps/pr?sid=jhg,6w8,gde",verified,,,,,Matched 'Table Lamp' score=0.88
Home & Furniture,Home Lighting,Ceiling Lamp,"https://www.flipkart.com/home-lighting/decor-lighting-accessories/ceiling-lamps/pr?sid=jhg,6w8,rws",verified,,,,,Matched 'Ceiling Lamp' score=0.88
Home & Furniture,Home Lighting,Emergency Lights,"https://www.flipkart.com/home-lighting/utility-lightling/emergency-lights/pr?sid=jhg,yqn,m6m",url_found,,,,,Matched 'Emergency Lights' score=0.88
Home & Furniture,,Festive Decor & Gifts,https://www.flipkart.com/festive-decor-gifting/pr?sid=bro,verified,,,,,auto-matched 'Festive Decor & Gifts' score=0.91
Home & Furniture,Pet Supplies,Dogs,"https://www.flipkart.com/pet-supplies/dogs/pr?sid=p3t,ea3",verified,,,,,Matched 'Dogs' score=0.85
Home & Furniture,Pet Supplies,Cats,"https://www.flipkart.com/pet-supplies/cats/pr?sid=p3t,0mo",verified,,,,,Matched 'Cats' score=0.85
Home & Furniture,Pet Supplies,Fish & Aquatics,https://www.flipkart.com/pet-supplies/fish-aquatic/pr?sid=p3t%2Cljf,verified,,,,,auto-matched 'Fish & Aquatics' score=0.87
"Sports, Books & More",Sports,Cricket,https://www.flipkart.com/sports/cricket/pr?sid=abc%2C5lf&p%5B%5D=facets.serviceability%5B%5D%3Dtrue,verified,,,,,auto-matched 'Cricket' score=1.00
"Sports, Books & More",Sports,Badminton,https://www.flipkart.com/sports/badminton/pr?sid=abc%2Cegs&p%5B%5D=facets.serviceability%5B%5D%3Dtrue,verified,,,,,auto-matched 'Badminton' score=1.00
"Sports, Books & More",Sports,Cycling,https://www.flipkart.com/sports/cycling/pr?sid=abc%2Culv,verified,,,,,URL found by discover_categories on 2026-06-07
"Sports, Books & More",Sports,Football,https://www.flipkart.com/sports/football/pr?sid=abc%2Cgxg&p%5B%5D=facets.serviceability%5B%5D%3Dtrue,verified,,,,,auto-matched 'Football' score=1.00
"Sports, Books & More",Sports,Skating,https://www.flipkart.com/sports/skating/pr?sid=abc%2Cmgq&p%5B%5D=facets.serviceability%5B%5D%3Dtrue,verified,,,,,auto-matched 'Skating' score=1.00
"Sports, Books & More",Sports,Camping & Hiking,https://www.flipkart.com/sports/camping-hiking/pr?sid=abc%2Cfvf&p%5B%5D=facets.serviceability%5B%5D%3Dtrue,verified,,,,,auto-matched 'Camping & Hiking' score=1.00
"Sports, Books & More",Sports,Swimming,https://www.flipkart.com/sports/swimming/pr?sid=abc%2Cbyq&p%5B%5D=facets.serviceability%5B%5D%3Dtrue,verified,,,,,auto-matched 'Swimming' score=1.00
"Sports, Books & More",Exercise Fitness,Cardio Equipment,https://www.flipkart.com/offers-list/strength-cardio-equipment?screen=dynamic&pk=themeViews%3DSF-March-FR4%3AApp%2CSF-March-FR4%3ADesk~widgetType%3DdealCard~contentType%3Dneo&wid=2.dealCard.OMU,failed,2026-06-10T15:32:50,,,HTTP 200 but no product cards found,auto-matched 'Cardio Equipment' score=1.00
"Sports, Books & More",Exercise Fitness,Home Gyms,https://www.flipkart.com/exercise-fitness/fitness-equipments/fitness-kits/pr?sid=qoc%2Camf%2Cvh3&p%5B%5D=facets.serviceability%5B%5D%3Dtrue,url_found,,,,,auto-matched 'Home Gyms' score=0.75
"Sports, Books & More",Exercise Fitness,Support,https://www.flipkart.com/exercise-fitness/fitness-accessories/supports/pr?sid=qoc%2Cacb%2Caa3&p%5B%5D=facets.serviceability%5B%5D%3Dtrue,verified,,,,,auto-matched 'Support' score=1.00
"Sports, Books & More",Exercise Fitness,Dumbbells,https://www.flipkart.com/exercise-fitness/fitness-accessories/dumbbells/pr?sid=qoc%2Cacb%2Czuc&p%5B%5D=facets.serviceability%5B%5D%3Dtrue,verified,,,,,auto-matched 'Dumbbells' score=1.00
"Sports, Books & More",Exercise Fitness,Ab Exercisers,https://www.flipkart.com/exercise-fitness/fitness-equipments/ab-exercisers/pr?sid=qoc%2Camf%2Csma&p%5B%5D=facets.serviceability%5B%5D%3Dtrue,url_found,,,,,auto-matched 'Ab Exercisers' score=1.00
"Sports, Books & More",Exercise Fitness,Shakers & Sippers,https://www.flipkart.com/exercise-fitness/fitness-accessories/shakers-and-sippers/pr?sid=qoc%2Cacb%2Cqat&p%5B%5D=facets.serviceability%5B%5D%3Dtrue,verified,,,,,auto-matched 'Shakers & Sippers' score=0.99
"Sports, Books & More",Exercise Fitness,Yoga Mat,https://www.flipkart.com/exercise-fitness/yoga/yoga-mats/pr?sid=qoc%2Cs1h%2Cfco&p%5B%5D=facets.serviceability%5B%5D%3Dtrue,verified,,,,,auto-matched 'Yoga Mat' score=1.00
"Sports, Books & More",Exercise Fitness,Gym Gloves,https://www.flipkart.com/exercise-fitness/fitness-accessories/gym-gloves/pr?sid=qoc%2Cacb%2Cafr&p%5B%5D=facets.serviceability%5B%5D%3Dtrue,verified,,,,,auto-matched 'Gym Gloves' score=1.00
"Sports, Books & More",Food Essentials,Nuts & Dry Fruits,https://www.flipkart.com/food-nutrition/nuts-dry-fruits-combos/~gourmet-foods-/pr?sid=7jv%2C30b&p%5B%5D=facets.serviceability%5B%5D%3Dtrue,url_found,,,,,auto-matched 'Nuts & Dry Fruits' score=1.00
"Sports, Books & More",Food Essentials,"Tea, Coffee and Beverages",https://www.flipkart.com/food-nutrition/beverages/~gourmet-foods-/pr?sid=7jv%2Cldw&p%5B%5D=facets.serviceability%5B%5D%3Dtrue,url_found,,,,,"auto-matched 'Tea, Coffee and Beverages' score=0.87"
"Sports, Books & More",Food Essentials,Chocolates,https://www.flipkart.com/food-nutrition/confectioneries-sweets/chocolates/~gourmet-foods-/pr?sid=7jv%2Ciyp%2Cs4n&p%5B%5D=facets.serviceability%5B%5D%3Dtrue,url_found,,,,,auto-matched 'Chocolates' score=1.00
"Sports, Books & More",Food Essentials,Snacks Corner,https://www.flipkart.com/food-nutrition/snacks-nibbles/~gourmet-foods-/pr?sid=7jv%2Cx9l&p%5B%5D=facets.serviceability%5B%5D%3Dtrue,url_found,,,,,auto-matched 'Snacks Corner' score=0.87
"Sports, Books & More",Food Essentials,Gifting Combos,https://www.flipkart.com/food-nutrition/food-nutrition-combo/~gourmet-foods-/pr?sid=7jv%2Cjid&p%5B%5D=facets.serviceability%5B%5D%3Dtrue,url_found,,,,,auto-matched 'Gifting Combos' score=0.75
"Sports, Books & More",Food Essentials,Sweets Store,https://www.flipkart.com/food-nutrition/confectioneries-sweets/sweets-mithai/~gourmet-foods-/pr?sid=7jv%2Ciyp%2C2e1&p%5B%5D=facets.serviceability%5B%5D%3Dtrue,url_found,,,,,auto-matched 'Sweets Store' score=0.87
"Sports, Books & More",Food Essentials,"Jams, Spreads and Honey",https://www.flipkart.com/food-nutrition/jams-spreads-honey/~gourmet-foods-/pr?sid=7jv%2Ckzq&p%5B%5D=facets.serviceability%5B%5D%3Dtrue,url_found,,,,,"auto-matched 'Jams, Spreads and Honey' score=0.99"
"Sports, Books & More",Food Essentials,Breakfast Items,https://www.flipkart.com/food-nutrition/breakfast-mixes-cereals/~gourmet-foods-/pr?sid=7jv%2Cvx6&p%5B%5D=facets.serviceability%5B%5D%3Dtrue,url_found,,,,,auto-matched 'Breakfast Items' score=0.87
"Sports, Books & More",Health & Nutrition,All Supplements,https://www.flipkart.com/search?q=supplements+,verified,,,,,auto-matched 'All Supplements' score=0.75
"Sports, Books & More",Health & Nutrition,Protein Supplements,"https://www.flipkart.com/food-nutrition/health-nutrition/protein-supplements/pr?sid=7jv,owt,d9u",url_found,,,,,Matched 'Protein Supplements' score=0.85
"Sports, Books & More",Health & Nutrition,Vitamin Supplements,"https://www.flipkart.com/food-nutrition/health-nutrition/vitamin-supplements/pr?sid=7jv,owt,n2j",url_found,,,,,Matched 'Vitamin Supplements' score=0.85
"Sports, Books & More",Health & Nutrition,Health Drinks,https://www.flipkart.com/search?q=health+drinks,verified,,,,,auto-matched 'Health Drinks' score=0.75
"Sports, Books & More",Health & Nutrition,Ayurvedic Supplements,https://www.flipkart.com/food-nutrition/health-nutrition/vitamin-supplements/pr?sid=7jv%2Cowt%2Cn2j&p%5B%5D=facets.serviceability%5B%5D%3Dtrue&p%5B%5D=facets.type%255B%255D%3DAyurvedic%2BSupplements,url_found,,,,,auto-matched 'Ayurvedic Supplements' score=0.87
"Sports, Books & More",Books,Entrance Exams,https://www.flipkart.com/the-exam-store,failed,2026-06-10T15:33:48,,,HTTP 200 but no product cards found,auto-matched 'Entrance Exams' score=0.75
"Sports, Books & More",Books,Academics,https://www.flipkart.com/the-education-store,failed,2026-06-10T15:33:48,,,HTTP 200 but no product cards found,auto-matched 'Academics' score=0.75
"Sports, Books & More",Books,Literature & Fiction,https://www.flipkart.com/theliterature-fiction-store,failed,2026-06-10T15:33:47,,,HTTP 200 but no product cards found,auto-matched 'Literature & Fiction' score=1.00
"Sports, Books & More",Books,Non Fiction,https://www.flipkart.com/the-non-fiction-store,failed,2026-06-10T15:33:38,,,HTTP 200 but no product cards found,auto-matched 'Non Fiction' score=1.00
"Sports, Books & More",Books,Self-Help,https://www.flipkart.com/books/selfhelp-books/pr?sid=bks%2C5uw,verified,,,,,auto-matched 'Self-Help' score=1.00
"Sports, Books & More",Books,Preorders,https://www.flipkart.com/books/~pre-order/pr?sid=bks,verified,,,,,auto-matched 'Preorders' score=0.77
"Sports, Books & More",Books,Indian Languages,https://www.flipkart.com/books-store?fm=neo%2Fmerchandising&iid=M_dc0581d6-cf81-44ad-8d49-5347e1f3edf4_1_372UD5BXDFYS_MC.51MC5GTS3K7N&cid=51MC5GTS3K7N,failed,2026-06-10T15:33:32,,,HTTP 200 but no product cards found,auto-matched 'Indian Languages' score=0.77
"Sports, Books & More",Stationery,Pens,https://www.flipkart.com/pens-category-store,failed,2026-06-10T15:33:31,,,HTTP 200 but no product cards found,auto-matched 'Pens' score=1.00
"Sports, Books & More",Stationery,Diaries,"https://www.flipkart.com/pens-stationery/office-supplies/diaries/pr?sid=dgv,tkw,mwh",verified,,,,,Matched 'Diaries' score=0.85
"Sports, Books & More",Stationery,Card Holders,https://www.flipkart.com/pens-stationery/office-supplies/card-holders/pr?sid=dgv%2Ctkw%2Cchd&p%5B%5D=facets.serviceability%5B%5D%3Dtrue,verified,,,,,auto-matched 'Card Holders' score=1.00
"Sports, Books & More",Stationery,Desk Organizers,"https://www.flipkart.com/pens-stationery/office-supplies/desk-organizers/pr?sid=dgv,tkw,hlr",verified,,,,,Matched 'Desk Organizers' score=0.85
"Sports, Books & More",Stationery,Calculators,https://www.flipkart.com/calculators-category-store,failed,2026-06-10T15:33:25,,,HTTP 200 but no product cards found,auto-matched 'Calculators' score=1.00
"Sports, Books & More",Stationery,Key Chains,"https://www.flipkart.com/pens-stationery/office-supplies/key-chains/pr?sid=dgv,tkw,amn",verified,,,,,Matched 'Key Chains' score=0.85
"Sports, Books & More",Auto Accessories,Helmets & Riding Gears,https://www.flipkart.com/automotive/accessories-spare-parts/helmets-riding-gear/pr?p%5B%5D=facets.availability%255B%255D%3DExclude%2BOut%2Bof%2BStock&sid=0hx%2Cbwd%2Cbgt,url_found,,,,,auto-matched 'Helmets & Riding Gears' score=0.91
"Sports, Books & More",Auto Accessories,Car Audio/Video,"https://www.flipkart.com/automotive/car-bike-accessories/car-electronics-accessories/car-audio-video/pr?sid=0hx,bwd,tko,jxo",verified,,,,,Matched 'Car Audio/Video' score=0.85
"Sports, Books & More",Auto Accessories,Car Mobile Accessories,"https://www.flipkart.com/automotive/car-bike-accessories/car-electronics-accessories/car-mobile-accessories/pr?sid=0hx,bwd,tko,av1",url_found,,,,,Matched 'Car Mobile Accessories' score=0.85
"Sports, Books & More",Auto Accessories,Car & Bike Care,"https://www.flipkart.com/automotive/car-bike-accessories/car-bike-care/pr?sid=0hx,bwd,byn",url_found,,,,,Matched 'Car & Bike Care' score=0.85
"Sports, Books & More",Auto Accessories,Vehicle Lubricants,https://www.flipkart.com/automotive/car-bike-accessories/lubricants-oils/pr?sid=0hx%2Cbwd%2Cnjf,url_found,,,,,auto-matched 'Vehicle Lubricants' score=0.87
"Sports, Books & More",Industrial & Scientific tools,Industrial Measurement Devices,https://www.flipkart.com/industrial-scientific-supplies/industrial-measurement-devices/pr?sid=gsx%2Coe8&p%5B%5D=facets.serviceability%5B%5D%3Dtrue,verified,,,,,auto-matched 'Industrial Measurement Devices' score=1.00
"Sports, Books & More",Industrial & Scientific tools,Industrial Testing Devices,https://www.flipkart.com/industrial-scientific-supplies/industrial-testing-devices/pr?sid=gsx%2Cgkc&p%5B%5D=facets.serviceability%5B%5D%3Dtrue,verified,,,,,auto-matched 'Industrial Testing Devices' score=1.00
"Sports, Books & More",Industrial & Scientific tools,Lab & Scientific Products,https://www.flipkart.com/industrial-scientific-supplies/lab-scientific-products/pr?sid=gsx%2Cl9d&p%5B%5D=facets.serviceability%5B%5D%3Dtrue,verified,,,,,auto-matched 'Lab & Scientific Products' score=1.00
"Sports, Books & More",Industrial & Scientific tools,Packaging & Shipping Products,https://www.flipkart.com/industrial-scientific-supplies/packaging-shipping-products/pr?sid=gsx%2Cbad&p%5B%5D=facets.serviceability%5B%5D%3Dtrue,verified,,,,,auto-matched 'Packaging & Shipping Products' score=1.00
"Sports, Books & More",Industrial & Scientific tools,Safety Products,https://www.flipkart.com/industrial-scientific-supplies/safety-products/pr?sid=gsx%2Cbfk&p%5B%5D=facets.serviceability%5B%5D%3Dtrue,verified,,,,,auto-matched 'Safety Products' score=1.00
"Sports, Books & More",Medical Supplies,Pregnancy and Fertility Kits,https://www.flipkart.com/sexual-wellness/testing-kits/pr?sid=t06%2C7vg%2C1dj&p%5B%5D=facets.serviceability%5B%5D%3Dtrue,url_found,,,,,auto-matched 'Pregnancy and Fertility Kits' score=0.83
"Sports, Books & More",Medical Supplies,Hot Water Bag,https://www.flipkart.com/beauty-and-personal-care/health-care/medicines-treatment/pr?sid=t06%2Cnyl%2Cggb&p%5B%5D=facets.serviceability%5B%5D%3Dtrue&p%5B%5D=facets.brand%255B%255D%3DCasa&p%5B%5D=facets.brand%255B%255D%3DCASA&p%5B%5D=facets.brand%255B%255D%3DTULIP&p%5B%5D=facets.brand%255B%255D%3DTulip&p%5B%5D=facets.brand%255B%255D%3Dcreto&p%5B%5D=facets.brand%255B%255D%3DCRETO&p%5B%5D=facets.brand%255B%255D%3DAlex%2527s&p%5B%5D=facets.brand%255B%255D%3DRecombigen&p%5B%5D=facets.brand%255B%255D%3Dxtraplus&p%5B%5D=facets.brand%255B%255D%3DKetsaal&p%5B%5D=facets.brand%255B%255D%3DThermocare&p%5B%5D=facets.brand%255B%255D%3DRoyal&p%5B%5D=facets.brand%255B%255D%3DARYSHAA&p%5B%5D=facets.brand%255B%255D%3DAryshaa&p%5B%5D=facets.brand%255B%255D%3DTuelip&p%5B%5D=facets.brand%255B%255D%3DHealthIQ&p%5B%5D=facets.brand%255B%255D%3DGentle%2BE%2BKart&p%5B%5D=facets.brand%255B%255D%3DOneRetail,url_found,,,,,auto-matched 'Hot Water Bag' score=0.75
